bandwidth,h,tau,se,p,ci_lo,ci_hi,n_pre,n_post
90d,90,0.006197674284691722,0.010485110909634778,0.5544581978879912,-0.014353143098192443,0.026748491667575886,3592,2949
120d,120,0.012036848884793384,0.009320617694059013,0.19655745515730683,-0.006231561795562283,0.03030525956514905,4816,4114
180d,180,0.01473862574797901,0.007916698363461405,0.06264345741936395,-0.0007781030444053427,0.030255354540363363,7266,6028
